{
  "case_id": "DIR-Lab-case5",
  "strategy": "intensity_roi",
  "lat_freq_hz": 0.49586776859504134,
  "ncc": 0.9960635978019007,
  "ap_cycle_frames": [
    8,
    36
  ],
  "lateral_cycle_frames": [
    61,
    91
  ]
}