{
  "case_id": "DIR-Lab-case3",
  "strategy": "intensity_roi",
  "lat_freq_hz": 0.49586776859504134,
  "ncc": 0.9306455851324111,
  "ap_cycle_frames": [
    46,
    76
  ],
  "lateral_cycle_frames": [
    48,
    78
  ]
}