{
  "case_id": "DIR-Lab-case5",
  "strategy": "shroud_narrow",
  "lat_freq_hz": 0.49586776859504134,
  "ncc": 0.9996587944101705,
  "ap_cycle_frames": [
    66,
    98
  ],
  "lateral_cycle_frames": [
    19,
    48
  ]
}